comparison,policy,mean_difference_stable_found,ci95_low,ci95_high,cohens_d_paired,shapiro_p_for_differences,paired_t_p,wilcoxon_p,chosen_test,raw_p,holm_adjusted_p
diverse_ucb vs random,diverse_ucb,568.4,524.0063878474198,612.7936121525802,15.897823636277362,0.38397227953563273,3.7374284829884427e-06,0.0625,paired_t,3.7374284829884427e-06,1.050842747092899e-05
greedy vs random,greedy,557.8,514.9365070648504,600.6634929351495,16.158276677216463,0.38886567552711004,3.5028091569763303e-06,0.0625,paired_t,3.5028091569763303e-06,1.050842747092899e-05
ucb vs random,ucb,540.0,515.3380397857399,564.6619602142601,27.1875614592199,0.7404093271848091,4.384774115930614e-07,0.0625,paired_t,4.384774115930614e-07,1.7539096463722457e-06
uncertainty vs random,uncertainty,-78.2,-129.8179900325573,-26.58200996744271,-1.8810907708396072,0.17908161900796643,0.013627196283195864,0.0625,paired_t,0.013627196283195864,0.013627196283195864
